"REARE_FCLT_NO","FCLT_TYPE","REARE_NM","DADDR","UTZTN_PSBLTY_TNOP","MDFCN_HR","RMRK","RONA_DADDR","WKDY_OPER_BGNG_HR","WKDY_OPER_END_HR","LOT","LAT","SNDY_OPER_BGNG_HR","SNDY_OPER_END_HR","STDY_OPER_BGNG_HR","STDY_OPER_END_HR","LHLDY_OPER_BGNG_HR","LHLDY_OPER_END_HR","FCLTY_SCLAS","YR","INPT_HR","MDFCN_HR"
"쉼터시설번호","시설유형 중분류","쉼터명칭","상세주소","이용가능인원","수정시간","비고","도로명상세주소","평일운영시작시간","평일운영종료시간","경도","위도","일요일운영시작시간","일요일운영종료시간","토요일운영시작시간","토요일운영종료시간","공휴일운영시작시간","공휴일운영종료시간","시설유형 소분류","연도","입력시간","수정시간"
"4413100485","003","도장1리경로당","328-9","15","2026-02-03 17:52:57.000","","충청남도 천안시 동남구 목천읍 도전마을길 3 ","","","127.1749937","36.7479914","","","","","","","001","2026","2026-02-03 17:52:57.000","2026-02-03 17:52:57.000"
"1114000093","004","우리은행서울역금융센터","84-11","30","2026-02-04 17:44:43.000","","서울특별시 중구 통일로 10 (연세대학교세브란스빌딩)","0900","1600","126.973691","37.557111","","","","","","","001","2026","2026-02-04 17:44:43.000","2026-02-04 17:44:43.000"
"1114000101","004","우리은행광희동금융센터","216","30","2026-02-04 18:07:02.000","","서울특별시 중구 퇴계로 307 (광희빌딩)","0900","1600","127.005734","37.564303","","","","","","","001","2026","2026-02-04 18:07:02.000","2026-02-04 18:07:02.000"
"3017000341","004","KT_(주)아이피피_시청점","1452","10","2026-06-25 20:39:48.000","","대전광역시 서구 둔산로 134 (아베스빌딩)","1000","2000","127.388628","36.35098","","","","","","","002","2026","2026-03-09 17:38:49.000","2026-06-25 20:39:48.000"
"1114000104","004","우리은행중부금융센터","24-1","30","2026-02-04 20:06:05.000","","서울특별시 중구 수표로 34 (씨티센터타워)","0900","1600","126.990356","37.564471","","","","","","","001","2026","2026-02-04 20:06:05.000","2026-02-04 20:06:05.000"
"1100000007","001","강북노동자복지관","711","","2026-04-30 14:02:17.000","","서울특별시 마포구 환일길 13 (강북노동자복지관)","0800","2100","126.960159","37.556699","","","","","","","002","2026","2026-04-06 09:57:00.000","2026-04-30 14:02:17.000"
"3017000348","004","KT_하늘이동통신_정림점","553","4","2026-04-24 07:48:11.000","","대전광역시 서구 정림로65번길 6","1000","2000","127.364743","36.30635","","","","","","","002","2026","2026-03-09 18:38:17.000","2026-04-24 07:48:11.000"
"3017000342","004","KT_(주)아이피피_월평2호점","264","4","2026-04-24 17:30:17.000","","대전광역시 서구 청사서로 44","1000","2000","127.376924","36.361777","","","","","","","002","2026","2026-03-09 18:04:57.000","2026-04-24 17:30:17.000"
"4161000302","003","관음2리(풍경마을)경로당","208-4","30","2026-02-13 13:47:00.000","","경기도 광주시 퇴촌면 천진암로 727-34","","","127.343491","37.453975","","","","","","","001","2026","2026-02-13 13:40:14.000","2026-02-13 13:47:00.000"
"4137000137","001","스마트쉘터(세마역)","599-1","","2026-06-04 13:09:13.000","정류장명칭 : 세마역
정류장번호 : 24314","경기도 오산시 세교동 599-1","1000","2200","127.04234","37.186969","","","","","","","003","2026","2026-04-08 17:55:43.000","2026-06-04 13:09:13.000"
"2824546729","001","효성도서관","680","8","2026-04-10 10:33:06.000","월요일 및 법정공휴일 휴관, 1층 휴게실 쉼터로 사용","인천광역시 계양구 봉오대로600번길 14 (효성도서관)","0600","2200","126.715036","37.529137","","","","","","","002","2026","2026-02-23 14:21:44.000","2026-04-10 10:33:06.000"
"31140164","004","BNK경남은행문수로지점","1404-3","20","2026-07-07 14:05:32.000","","울산광역시 남구 문수로 377 (대공원센트럴하임더시티)","0900","1600","129.294804","35.534675","","","","","","","001","2026","2021-03-12 20:11:53.000","2026-07-07 14:05:32.000"
"4119000634","003","오정(남)경로당","554-6","24","2026-01-12 10:26:15.000","","경기도 부천시 오정구 오정로244번길 19 (오정동)","","","126.7867166","37.5287639","","","","","","","001","2026","2023-02-12 17:40:43.000","2026-01-12 10:26:15.000"
"46130213","003","경남1단지경로당","43-12 경남아파트","15","2026-01-15 09:46:17.000","","전남광주통합특별시 여수시  여서로  304   (여서동, 경남아파트)","","","127.7111217","34.7528657","","","","","","","001","2026","2020-11-02 10:29:36.000","2026-01-15 09:46:17.000"
"4671000370","003","갈전경로당","727-0","51","2026-01-22 14:01:20.000","","전남광주통합특별시 담양군 대전면 갈전길 23  ","","","126.9008231","35.2727442","180000","200000","180000","200000","180000","200000","001","2026","2023-10-17 14:55:32.000","2026-01-22 14:01:20.000"
"5271000392","003","봉덕경로당","952-1","24","2026-01-14 15:29:03.000","","전북특별자치도 완주군 소양면 대흥봉덕길 39 ","","","127.2509059","35.8697943","","","","","","","001","2026","2024-04-21 19:59:46.000","2026-01-14 15:29:03.000"
"26230009","003","진산경로당","27-43","10","2025-11-14 18:17:02.000","","부산광역시 부산진구 범전로32번길 66 (범전동)","","","129.0642747","35.1665592","","","","","","","001","2026","2020-11-02 10:29:36.000","2025-11-14 18:17:02.000"
"26230007","003","부전2동제1경로당","476-34","25","2026-08-31 10:42:24.000","","부산광역시 부산진구 신천대로 94 (부전동)","","","129.0556401","35.1516702","","","","","","","001","2026","2020-11-02 10:29:36.000","2026-08-31 10:42:24.000"
"26230005","003","부전2동제2경로당","579-0","20","2025-11-20 11:44:55.000","","부산광역시 부산진구 신천대로 148 (부전동)","","","129.0517858","35.1551966","","","","","","","001","2026","2020-11-02 10:29:36.000","2025-11-20 11:44:55.000"
"26230006","003","네오스포경로당","450-0","30","2025-11-20 11:45:29.000","","부산광역시 부산진구 신천대로 122","","","129.0540483","35.153627","","","","","","","001","2026","2020-11-02 10:29:36.000","2025-11-20 11:45:29.000"
"47190184","003","봉곡뜨란채1단지경로당","5-0","23","2026-01-19 17:55:29.000","","경상북도 구미시 도봉로3길 10","","","128.314275","36.142321","090000","180000","090000","180000","090000","180000","001","2026","2020-11-02 10:29:36.000","2026-01-19 17:55:29.000"
"44790098","003","농소리놋점경로당","338-2","13","2026-01-27 14:10:52.000","","충청남도 청양군 대치면놋점길 196-4","","","126.859151","36.5001217","090000","180000","090000","180000","090000","180000","001","2026","2020-11-02 10:29:36.000","2026-01-27 14:10:52.000"
"44790104","003","주정1리경로당","310-1","30","2026-01-27 14:10:52.000","","충청남도 청양군 대치면칠갑산로 505-12","","","126.8291804","36.4467374","090000","180000","090000","180000","090000","180000","001","2026","2020-11-02 10:29:36.000","2026-01-27 14:10:52.000"
"31200126","004","새중앙(본점)새마을금고","127-1","10","2026-01-18 19:05:05.000","","울산광역시 북구 염포로 623","0900","1600","129.3887739","35.5365512","","","","","","","001","2026","2021-03-19 16:34:05.000","2026-01-18 19:05:05.000"
"46800007","003","배산경로당","배산리 537","22","2026-05-17 18:51:34.000","","전남광주통합특별시 장흥군 장동면 배산길  10","","","126.996654","34.753219","090000","210000","090000","210000","090000","210000","001","2026","2020-11-02 10:29:36.000","2026-05-17 18:51:34.000"
"46800006","003","우봉경로당","185-8","18","2026-05-17 18:50:58.000","","전남광주통합특별시 장흥군 장동면 배산우봉길 133","","","127.0087094","34.7466454","090000","210000","090000","210000","090000","210000","001","2026","2020-11-02 10:29:36.000","2026-05-17 18:50:58.000"
"47820097","003","신당1리","253-0","23","2026-01-27 13:34:46.000","","경상북도 청도군 각남면 신당길 5 ","","","128.6405495","35.6349549","110000","180000","110000","180000","110000","180000","001","2026","2020-11-02 10:29:36.000","2026-01-27 13:34:46.000"
"47820076","003","원정1리(통안)","163-0","9","2026-01-27 13:34:45.000","","경상북도 청도군 청도읍 통안길 11 ","","","128.7675977","35.6563744","110000","180000","110000","180000","110000","180000","001","2026","2020-11-02 10:29:36.000","2026-01-27 13:34:45.000"
"48820468","003","월흥경로당","495-2","20","2025-11-06 13:31:48.000","","경상남도 고성군 하이면 월흥5길 5","","","128.1574194","34.9240352","090000","180000","090000","180000","090000","180000","001","2026","2021-10-21 10:15:40.000","2025-11-06 13:31:48.000"
"46710180","003","상운경로당","운암리 993 상운경로당","15","2026-01-20 20:55:41.000","","전남광주통합특별시 담양군 대덕면 상운길  5-7, 상운경로당","","","127.0501265","35.2357105","120000","180000","120000","180000","120000","180000","001","2026","2020-11-02 10:29:36.000","2026-01-20 20:55:41.000"
"46710179","003","외문경로당","426-4","25","2026-01-20 20:54:08.000","","전남광주통합특별시 담양군 대덕면 외문길 52 ","","","127.0561901","35.2506352","120000","180000","120000","180000","120000","180000","001","2026","2020-11-02 10:29:36.000","2026-01-20 20:54:08.000"
"46710178","003","내문경로당","문학리 237-9 내문경로당","20","2026-01-20 20:53:53.000","","전남광주통합특별시 담양군 대덕면 내문길  81 , 내문경로당","","","127.0616957","35.251558","120000","180000","120000","180000","120000","180000","001","2026","2020-11-02 10:29:36.000","2026-01-20 20:53:53.000"
"44180194","003","버들마을회관","373-0","28","2026-02-03 15:38:15.000","","충청남도 보령시 주산면 버들길 157-3 ","","","126.6056058","36.1876458","080000","190000","080000","190000","080000","190000","001","2026","2020-11-02 10:29:36.000","2026-02-03 15:38:15.000"
"44790106","003","광금리경로당","226-3","28","2026-01-27 14:10:52.000","","충청남도 청양군 대치면까치내로 1257","","","126.8293119","36.4233685","090000","180000","090000","180000","090000","180000","001","2026","2020-11-02 10:29:36.000","2026-01-27 14:10:52.000"
"44790135","003","마치1리경로당","153-0","28","2026-01-26 15:49:27.000","","충청남도 청양군 정산면마치길 185","","","126.914711","36.43825","090000","180000","090000","180000","090000","180000","001","2026","2020-11-02 10:29:36.000","2026-01-26 15:49:27.000"
"4122000480","003","LH이곡마을3단지경로당","1008-0","36","2026-02-26 16:40:33.000","","경기도 평택시 비전2로 70 (비전동, 엘에이치이곡마을3단지)","","","127.097942","37.003053","","","","","","","001","2026","2023-02-06 13:31:33.000","2026-02-26 16:40:33.000"
"4122000486","003","비전경로당","631-0","34","2026-02-26 16:40:33.000","","경기도 평택시 중앙1로56번길 25 (비전동)","","","127.088989","36.996382","","","","","","","001","2026","2023-02-06 13:45:46.000","2026-02-26 16:40:33.000"
"4148000393","003","운정파크푸르지오경로당","1036-0","83","2026-01-10 08:34:53.000","","경기도 파주시 해올로 33 (다율동, 운정신도시 파크 푸르지오)","","","126.7281","37.7373","090000","180000","090000","180000","090000","180000","001","2026","2023-10-11 16:45:29.000","2026-01-10 08:34:53.000"
"4148000394","003","마지1리경로당","36-59","40","2026-01-08 15:27:17.000","","경기도 파주시 적성면 청송로 1027-32 ","","","126.9180782","37.9559945","090000","180000","090000","180000","090000","180000","001","2026","2023-10-11 17:13:26.000","2026-01-08 15:27:17.000"
"4148000395","003","구읍2리경로당","637-3","43","2026-01-08 15:27:17.000","","경기도 파주시 적성면 칠중5길 33 ","","","126.9224659","37.9544958","090000","180000","090000","180000","090000","180000","001","2026","2023-10-11 17:16:52.000","2026-01-08 15:27:17.000"
"4148000397","003","술이홀경로당","436-8","96","2026-01-08 15:27:16.000","","경기도 파주시 파주읍 시장거리길 40 ","","","126.817393","37.8311581","090000","180000","090000","180000","090000","180000","001","2026","2023-10-11 17:21:52.000","2026-01-08 15:27:16.000"
"4148000399","003","물향기마을1단지경로당","385-0","107","2026-08-04 20:18:19.000","","경기도 파주시 운정중앙로 200 (목동동, 물향기마을 1단지 아파트)","","","126.726384","37.7294558","090000","180000","090000","180000","090000","180000","001","2026","2023-10-12 09:32:32.000","2026-08-04 20:18:19.000"
"4413100486","003","일봉동12통경로당","27-2","8","2026-02-04 11:08:37.000","","충청남도 천안시 동남구 풍세로 965","","","127.150455","36.793928","","","","","","","001","2026","2026-02-04 11:08:14.000","2026-02-04 11:08:37.000"
"1114000090","004","우리은행소공동지점","32-7","30","2026-02-04 17:39:07.000","","서울특별시 중구 남대문로 63 (한진빌딩)","0900","1600","126.981255","37.563065","","","","","","","001","2026","2026-02-04 17:39:07.000","2026-02-04 17:39:07.000"
"2824546728","003","하나아파트경로당","623-3","","2026-04-10 10:36:19.000","","인천광역시 계양구 봉오대로463번길 12 (하나아파트)","","","126.699864","37.529253","","","","","","","001","2026","2026-02-23 14:16:57.000","2026-04-10 10:36:19.000"
"4111300223","001","스마트버스정류장(호매실스위첸19단지.능실마을22단지)","1393","","2026-07-23 09:55:31.000","","경기도 수원시 권선구 호매실로166번길 33 (힐스테이트 호매실)","0000","2400","126.959855","37.258786","","","","","","","003","2026","2026-02-02 14:55:14.000","2026-07-23 09:55:31.000"
"1114000091","004","우리은행서소문지점","55-4","30","2026-02-04 17:40:58.000","","서울특별시 중구 서소문로 103 (배재빌딩)","0900","1600","126.972686","37.563022","","","","","","","001","2026","2026-02-04 17:40:58.000","2026-02-04 17:40:58.000"
"4163000359","003","운암2리전원마을회관","396-37","20","2026-02-02 11:34:46.000","","경기도 양주시 은현면 운하로101번길 66-18 (운암리전원마을회관)","","","127.009404","37.882335","","","","","","","001","2026","2026-02-02 11:34:46.000","2026-02-02 11:34:46.000"
"1114000095","004","우리은행명동금융센터","33-2","30","2026-02-04 17:53:30.000","","서울특별시 중구 명동길 42 (우리은행명동지점)","0900","1600","126.984729","37.563645","","","","","","","001","2026","2026-02-04 17:53:30.000","2026-02-04 17:53:30.000"
"4413300147","003","삼은10리일진@경로당","72-4","24","2026-02-04 17:39:42.000","","충청남도 천안시 서북구 직산읍 삼은5길 14 (일진아파트)","","","127.1524145","36.8797788","","","","","","","001","2026","2026-02-04 17:39:42.000","2026-02-04 17:39:42.000"
"3017000345","004","KT_라온_탄방점","702","8","2026-04-23 15:52:14.000","","대전광역시 서구 문정로 66","1000","2000","127.386587","36.346441","","","","","","","002","2026","2026-03-09 18:20:50.000","2026-04-23 15:52:14.000"
"1144000121","001","연남동주민센터","250-9","22","2026-06-04 10:29:31.000","토, 일 공휴일 미운영","서울특별시 마포구 성미산로29길 17-9","0900","1800","126.922006","37.564471","","","","","","","001","2026","2026-02-02 09:13:48.000","2026-06-04 10:29:31.000"
"1144000141","001","마포아트센터","30-3","20","2026-02-20 16:50:59.000","토, 일 공휴일 미운영","서울특별시 마포구 대흥로20길 28 (마포아트센터)","0900","1800","126.946052","37.550298","","","","","","","002","2026","2026-02-02 10:23:00.000","2026-02-20 16:50:59.000"
"3017000337","004","KT_라온_도마점","211","4","2026-08-11 11:16:39.000","","대전광역시 서구 배재로 155-7 (경남아파트2단지)","1000","2000","127.369963","36.322191","","","","","","","002","2026","2026-03-09 16:26:28.000","2026-08-11 11:16:39.000"
"3023000175","004","(주)제일서비스통신_신탄진점","199-13","3","2026-05-20 15:26:39.000","KT대리점","대전광역시 대덕구 대덕대로 1607","1000","2000","127.426311","36.45077","","","","","","","002","2026","2026-03-09 16:48:42.000","2026-05-20 15:26:39.000"
"1144000126","001","서강동주민센터","242-0","16","2026-06-04 10:27:21.000","토, 일 공휴일 미운영","서울특별시 마포구 독막로 165","0900","1800","126.932027","37.547689","","","","","","","001","2026","2026-02-02 09:20:26.000","2026-06-04 10:27:21.000"
"3017000328","004","KT_트랜드&마케팅_도안가수원점","1784","2","2026-06-25 20:38:38.000","","대전광역시 서구 계백로 1149 (효진빌딩)","1000","2000","127.350863","36.305009","","","","","","","002","2026","2026-03-09 10:33:31.000","2026-06-25 20:38:38.000"
"4372000064","001","오대리경로당","70","20","2026-07-24 07:10:37.000","","충청북도 보은군 산외면 오대길 9 (오대리경로당,마을회관)","0900","1800","127.731103","36.579582","","","","","","","004","2026","2026-02-11 21:17:44.000","2026-07-24 07:10:37.000"
"2824546730","003","계양임광그대가아파트경로당","203","20","2026-07-07 07:52:23.000","","인천광역시 계양구 효서로 417 (계양임광그대가 관리동)","","","126.742313","37.527599","","","","","","","001","2026","2026-02-23 14:24:04.000","2026-07-07 07:52:23.000"
"3017000330","004","KT_소연_도안점","882","4","2026-06-25 20:39:04.000","","대전광역시 서구 도안북로117번길 74","1000","2000","127.341077","36.330449","","","","","","","002","2026","2026-03-09 15:13:54.000","2026-06-25 20:39:04.000"
"1144000139","001","마포구민체육센터","450-3","100","2026-02-23 17:39:20.000","매월 2,4주 월요일, 설연휴 09:00~17:00","서울특별시 마포구 월드컵로25길 190 (마포구민체육센터)","0600","2200","126.897235","37.557785","","","","","","","002","2026","2026-02-02 10:12:05.000","2026-02-23 17:39:20.000"
"4137000132","001","스마트쉘터(오산시청)","915","","2026-06-04 13:06:07.000","정류장명칭: 오산시청
정류장번호: 24160","경기도 오산시 성호대로 141 (오산시청)","1000","2200","127.076511","37.150632","","","","","","","003","2026","2026-04-08 16:27:18.000","2026-06-04 13:06:07.000"
"4137000138","001","스마트쉘터(지곶동대림아파트)","578","","2026-06-04 13:08:41.000","정류장명칭 : 지곶동대림아파트
정류장번호 : 24252","경기도 오산시 세마문학로 45 (세마초등학교)","1000","2200","127.027338","37.169804","","","","","","","003","2026","2026-04-08 17:58:24.000","2026-06-04 13:08:41.000"
"3017000350","004","KT_가우리_복수점","488","4","2026-03-10 10:19:19.000","","대전광역시 서구 복수동로 52","1000","2000","127.378292","36.29981","","","","","","","002","2026","2026-03-09 18:52:57.000","2026-03-10 10:19:19.000"
"4137000134","001","스마트쉘터(운암주공5단지)","819","","2026-06-04 13:06:33.000","정류장명칭 : 운암주공5단지
정류장번호 : 24153","경기도 오산시 원동 819","1000","2200","127.075256","37.146204","","","","","","","003","2026","2026-04-08 17:02:09.000","2026-06-04 13:06:33.000"
"2826000107","001","인천신용보증재단서인천지점","248-11","4","2026-02-12 09:51:02.000","점심시간 제외","인천광역시 서해구 탁옥로 58 (영일빌딩)","0900","1600","126.676067","37.543653","","","","","","","001","2026","2026-02-12 09:51:02.000","2026-02-12 09:51:02.000"
"2617000093","001","이바구캠프게스트하우스(1층)","847-44","3","2026-06-04 13:38:12.000","게스트하우스 1층, 1개 방 운영","부산광역시 동구 망양로525번길 28","0900","1800","129.028276","35.119153","","","","","","","004","2026","2026-02-12 15:38:41.000","2026-06-04 13:38:12.000"
"4155000528","003","우방아이유쉘에스티지경로당","635","30","2026-04-23 11:44:31.000","","경기도 안성시 공도읍 양기길 30 (안성우방아이유쉘 에스티지)","","","127.198667","37.005282","","","","","","","001","2026","2026-02-07 16:12:04.000","2026-04-23 11:44:31.000"
"5271000481","001","고산농협정류장","959","100","2026-06-05 17:37:17.000","","전북특별자치도 완주군 고산면 읍내리 959","0000","2400","127.204899","35.97532","","","","","","","003","2026","2026-02-02 15:01:06.000","2026-06-05 17:37:17.000"
"5271000484","001","삼봉로완주소방서정류장","1230-4","10","2026-08-26 09:58:06.000","","","0000","2400","127.12135","35.926279","","","","","","","003","2026","2026-02-02 16:23:13.000","2026-08-26 09:58:06.000"
"1156000190","001","영중종합사회복지관","466","15","2026-03-05 09:07:50.000","","서울특별시 영등포구 양산로 232 (영등포공공복합시설)","0900","1900","126.909001","37.522257","","","","","","","002","2026","2026-03-05 09:07:50.000","2026-03-05 09:07:50.000"
"1144000129","001","대흥동주민센터","1-50","15","2026-06-04 10:25:55.000","토, 일 공휴일 미운영","서울특별시 마포구 신촌로26길 10 (노고산동)","0900","1800","126.9423652","37.5558478","","","","","","","001","2026","2026-02-02 09:25:51.000","2026-06-04 10:25:55.000"
"1144000137","001","마포중앙도서관","275-3","20","2026-07-31 15:39:38.000","","서울특별시 마포구 성산로 128 (마포중앙도서관)","0900","2200","126.90816","37.56384","","","","","","","002","2026","2026-02-02 10:05:54.000","2026-07-31 15:39:38.000"
"2824546733","003","귤현아이파크아파트경로당","489","20","2026-04-10 10:48:38.000","","인천광역시 계양구 장군봉길 12 (귤현아이파크 105동)","","","126.749341","37.570079","","","","","","","001","2026","2026-02-23 14:52:11.000","2026-04-10 10:48:38.000"
"2824546732","001","동양도서관","615-2","16","2026-04-10 10:47:18.000","월요일 및 법정공휴일 휴관, 3층 휴게실을 쉼터로 이용","인천광역시 계양구 당미길 31 (동양도서관)","1000","1900","126.757857","37.561985","","","","","","","002","2026","2026-02-23 14:39:23.000","2026-04-10 10:47:18.000"
"5271000479","001","상관주민센터정류장","915","10","2026-08-26 10:28:28.000","","","0000","2400","127.208613","35.770279","","","","","","","003","2026","2026-02-02 14:44:43.000","2026-08-26 10:28:28.000"
"3020000256","001","아리어린이공원","466-2","21","2026-04-03 15:08:08.000","","대전광역시 유성구 엑스포로 492","0700","2100","127.405761","36.400372","","","","","","","003","2026","2026-04-03 15:08:08.000","2026-04-03 15:08:08.000"
"4477000363","003","수출리경로당","61","15","2026-04-29 11:04:05.000","","충청남도 서천군 기산면 화출길 141","","","126.772208","36.084697","","","","","","","001","2026","2026-03-18 20:44:42.000","2026-04-29 11:04:05.000"
"1114000092","004","우리은행본점영업부","203","30","2026-02-04 17:42:52.000","","서울특별시 중구 소공로 51 ((주)우리은행본점)","0900","1600","126.981505","37.559236","","","","","","","001","2026","2026-02-04 17:42:52.000","2026-02-04 17:42:52.000"
"1114000108","004","우리은행약수역지점","368-3","30","2026-02-04 20:12:42.000","","서울특별시 중구 다산로 104 (현대빌딩)","0900","1600","127.009873","37.553171","","","","","","","001","2026","2026-02-04 20:12:42.000","2026-02-04 20:12:42.000"
"3017000354","004","KT_M&S둔산타임월드직영점","1033","10","2026-03-11 09:49:41.000","","대전광역시 서구 대덕대로 223","1000","2000","127.378836","36.352903","","","","","","","002","2026","2026-03-09 19:05:23.000","2026-03-11 09:49:41.000"
"2823700113","003","부평길벗쉼터","425","10","2026-05-07 17:48:15.000","","인천광역시 부평구 부평대로 283 (부평우림라이온스밸리)","1100","0100","126.719428","37.517407","","","","","","","002","2026","2026-02-09 09:19:05.000","2026-05-07 17:48:15.000"
"3017000334","004","KT_(주)텔존_둔산남로점","727","8","2026-04-23 15:54:35.000","","대전광역시 서구 둔산남로 108","1000","2000","127.389483","36.348722","","","","","","","002","2026","2026-03-09 16:04:07.000","2026-04-23 15:54:35.000"
"5271000482","001","우석대종점정류장","490","10","2026-08-26 09:55:02.000","","전북특별자치도 완주군 삼례읍 삼례로 443 (우석대학교)","0000","2400","127.066939","35.915141","","","","","","","003","2026","2026-02-02 16:01:12.000","2026-08-26 09:55:02.000"
"4148000335","003","별하람마을4단지경로당","502-0","46","2026-01-10 09:27:53.000","","경기도 파주시 별하람로 53 (당하동, 별하람마을4단지)","","","126.7607877","37.7419507","090000","180000","090000","180000","090000","180000","001","2026","2022-10-14 10:50:52.000","2026-01-10 09:27:53.000"
"4671000369","003","행정경로당","231-1","27","2026-01-22 14:01:20.000","","전남광주통합특별시 담양군 대전면 행정길 65-2  ","","","126.9068179","35.290092","180000","200000","180000","180000","090000","200000","001","2026","2023-10-17 14:41:17.000","2026-01-22 14:01:20.000"
"47170301","003","평화경로당","167-17","75","2026-01-16 17:05:53.000","","경상북도 안동시 평화동 평화길  22   (평화동)","","","128.713019","36.567293","110000","160000","110000","160000","110000","160000","001","2026","2020-11-02 10:29:36.000","2026-01-16 17:05:53.000"
"4119000449","003","극동장수(남)경로당","566-1","14","2026-04-28 17:44:21.000","","경기도 부천시 소사구 성주로 226","","","126.782012","37.4766568","","","","","","","001","2026","2023-02-12 12:21:07.000","2026-04-28 17:44:21.000"
"48740052","003","신전노모당","390-3","11","2026-01-07 08:48:40.000","","경상남도 창녕군 남지읍 신전길 213 ","","","128.44888","35.410052","100000","180000","100000","180000","100000","180000","001","2026","2020-11-02 10:29:36.000","2026-01-07 08:48:40.000"
"48820465","003","제전경로당","41-5","24","2025-11-06 13:31:48.000","","경상남도 고성군 하이면 덕명5길 89","","","128.1537978","34.9098583","090000","180000","090000","180000","090000","180000","001","2026","2021-10-21 10:15:40.000","2025-11-06 13:31:48.000"
"48820466","003","부평경로당","378-1","19","2025-11-06 13:31:48.000","","경상남도 고성군 하이면 덕호1길 135","","","128.1191384","34.9336258","090000","180000","090000","180000","090000","180000","001","2026","2021-10-21 10:15:40.000","2025-11-06 13:31:48.000"
"4119000627","003","삼정제1(여)경로당","19-6","30","2026-01-12 10:26:15.000","","경기도 부천시 오정구 신흥로395번길 36","","","126.7723936","37.5190721","","","","","","","001","2026","2023-02-12 17:32:21.000","2026-01-12 10:26:15.000"
"4119000631","003","세종아파트경로당","179-0","22","2026-08-07 14:05:26.000","","경기도 부천시 오정구 오정로252번길 41","","","126.789077","37.529405","","","","","","","001","2026","2023-02-12 17:36:54.000","2026-08-07 14:05:26.000"
"4119000632","003","창보아파트경로당","373-0","22","2026-01-12 10:50:45.000","","경기도 부천시 오정구 오정로 245","","","126.784114","37.529886","","","","","","","001","2026","2023-02-12 17:38:02.000","2026-01-12 10:50:45.000"
"4119000633","003","삼두아파트경로당","547-4","20","2026-01-12 11:29:39.000","","경기도 부천시 오정구 오정로252번길 52 (오정동)","","","126.788857","37.5286639","","","","","","","001","2026","2023-02-12 17:39:36.000","2026-01-12 11:29:39.000"
"47820062","003","고수6리","587-3","18","2026-01-27 13:34:45.000","","경상북도 청도군 청도읍 고수서4길 19 ","","","128.7417707","35.6421767","110000","180000","110000","180000","110000","180000","001","2026","2020-11-02 10:29:36.000","2026-01-27 13:34:45.000"
"47820073","003","부야1리(소야)","716-7","16","2026-01-27 13:34:45.000","","경상북도 청도군 청도읍 부야4길 75 ","","","128.7882534","35.6711557","110000","180000","110000","180000","110000","180000","001","2026","2020-11-02 10:29:36.000","2026-01-27 13:34:45.000"
"47820074","003","부야2리(연곡)","1212-9","14","2026-01-27 13:34:45.000","","경상북도 청도군 청도읍 청려로 2384 ","","","128.7736112","35.6612233","110000","180000","110000","180000","110000","180000","001","2026","2020-11-02 10:29:36.000","2026-01-27 13:34:45.000"
"47820075","003","원정1리","881-12","24","2026-01-27 13:34:45.000","","경상북도 청도군 청도읍 원대밭길 1 ","","","128.7679169","35.6545982","110000","180000","110000","180000","110000","180000","001","2026","2020-11-02 10:29:36.000","2026-01-27 13:34:45.000"
"44760304","003","만지2리경로당","404-4","15","2025-11-05 11:15:08.000","","충청남도 부여군 충화면만지서로 101-28","","","126.8566915","36.189742","080000","200000","080000","200000","080000","200000","001","2026","2021-06-30 17:53:58.000","2025-11-05 11:15:08.000"
