"RSTR_FCLTY_NO","YEAR","ARCD","FCLTY_TY","RSTR_NM","DTL_ADRES","AR","USE_PSBL_NMPR","COLR_HOLD_ELEFN","COLR_HOLD_ARCNDTN","CHCK_MATTER_NIGHT_OPN_AT","INPT_TIME","MODF_TIME","RM","RN_DTL_ADRES","CHCK_MATTER_WKEND_HDAY_OPN_AT","MNGDPT_CD","CHCK_MATTER_STAYNG_PSBL_AT","XCORD","YCORD","LO","LA","DTL_POSITION","WKDAY_OPER_BEGIN_TIME","WKDAY_OPER_END_TIME","WKEND_HDAY_OPER_BEGIN_TIME","WKEND_HDAY_OPER_END_TIME","FCLTY_SCLAS"
"쉼터시설번호","년도","지역코드","시설유형 중분류","쉼터명칭","상세주소","면적","이용가능인원","냉방기보유선풍기","냉방기보유에어컨","점검사항야간개방여부","입력시간","수정시간","비고","도로명상세주소","점검사항주말휴일개방여부","관리부서코드","점검사항숙박가능여부","X좌표","Y좌표","경도","위도","위치상세","평일운영시작시간","평일운영종료시간","주말휴일운영시작시간","주말휴일운영종료시간","시설유형 소분류"
"5221000364","2026","5221058000","003","우독경로당","648-3","73.26","10","","","","2026-04-10 14:42:43.000","2026-04-27 13:26:27.000","","전북특별자치도 김제시 복죽3길 22-25","","","N","","","126.842882","35.802932","","","","","","001"
"2626000113","2026","2626074000","001","동래구장애인복지관(4층휴게실)","436-18","76.84","25","1","2","","2026-04-14 09:11:30.000","2026-07-05 13:33:29.000","","부산광역시 동래구 충렬대로 386 (동래구장애인복지관)","","","","","","129.100417","35.196931","","0900","1800","","","002"
"5111000306","2026","5111061000","004","GS25편의점춘천제일","486-10","127","5","","1","N","2026-03-18 17:25:59.000","2026-05-04 16:47:54.000","","강원특별자치도 춘천시 서부대성로239번길 33","N","","N","","","127.746355","37.875255","","0000","2400","","","002"
"5221000502","2026","5221042000","001","금구면행정복지센터","216-0","","","1","1","","2026-04-15 10:26:20.000","2026-07-12 13:50:37.000","","전북특별자치도 김제시 금구면 봉두로 105  ","","","N","","","127.0122716","35.7767916","","0900","1800","","","001"
"3023000194","2026","3023054300","004","m&s송촌직영점","459-5","99","10","","1","","2026-04-15 16:44:49.000","2026-06-29 15:03:31.000","","대전광역시 대덕구 계족산로81번길 60 (에스파스빌딩)","","","","","","127.438829","36.365521","","1000","2000","","","002"
"2772001162","2026","2772025000","001","군위보건경로당","423-11","150","25","2","1","N","2026-04-17 15:19:03.000","2026-08-07 14:19:47.000","","대구광역시 군위군 군위읍 중앙5길 12 (군위군보훈회관)","N","","N","","","128.566596","36.23886","","0900","1800","","","002"
"5221000631","2026","5221035000","003","창산경로당","384-5","86","24","1","1","","2026-05-14 22:59:16.000","2026-06-28 22:37:08.000","","전북특별자치도 김제시 백구면 창산길 10","","","N","","","126.994577","35.875539","","","","","","001"
"4161000323","2026","4161052000","001","광주시평생학습관","710","4303","50","0","6","N","2026-05-20 17:13:57.000","2026-07-12 15:13:54.000","","경기도 광주시 광주대로 116","N","","N","","","127.260631","37.418898","","0900","1800","","","002"
"1121500182","2026","1121571000","003","화양현대아파트경로당","234","64","21","2","2","","2026-05-26 17:09:24.000","2026-07-10 18:24:51.000","","서울특별시 광진구 동일로24길 5 (화양동현대아파트103동)","","","","","","127.065845","37.544507","","","","","","001"
"4673000240","2026","1273036000","003","사우여성경로당","404-2","42.12","34","2","1","","2026-05-29 10:44:02.000","2026-05-29 10:44:02.000","","전남광주통합특별시 구례군 용방면 사우길 51","","","","","","127.444722","35.230656","","","","","","001"
"4673000257","2026","1273025000","003","봉남경로당","196","93.03","38","2","1","","2026-05-29 14:31:34.000","2026-05-29 14:31:34.000","","전남광주통합특별시 구례군 구례읍 봉남길 10-1","","","","","","127.465583","35.207492","","","","","","001"
"4673000264","2026","1273032000","003","효죽여성경로당","813-8","62.28","19","2","1","","2026-05-29 15:20:16.000","2026-05-29 15:20:16.000","","전남광주통합특별시 구례군 간전면 간전중앙로 597","","","","","","127.540719","35.13993","","","","","","001"
"4673000271","2026","1273034000","003","마산중앙경로당","546-1","75","14","2","1","","2026-05-29 15:42:39.000","2026-05-29 15:42:39.000","","전남광주통합특별시 구례군 마산면 화엄사로 159-12 (마산중앙경로당)","","","","","","127.48659","35.224219","","","","","","001"
"4673000272","2026","1273035000","003","공북남성경로당","560","88","22","2","1","","2026-05-29 15:45:08.000","2026-05-29 15:45:08.000","","전남광주통합특별시 구례군 광의면 쌍샘이길 22 (공북마을회관)","","","","","","127.444701","35.260394","","","","","","001"
"4136000659","2026","4136057000","004","NH농협은행별내행정복지센터출장소","1028","","10","","","N","2026-05-29 16:08:50.000","2026-07-14 21:06:55.000","","경기도 남양주시 별내3로 64-21 (별내동주민센터)","N","","N","","","127.12215","37.64603","","0900","1600","","","001"
"2641000083","2026","2641052000","003","성지아파트경로당","622","41.6","5","1","1","","2026-04-17 11:07:14.000","2026-07-23 14:17:41.000","","부산광역시 금정구 명서로 94 (성지아파트)","","","N","","","129.099425","35.213042","","","","","","001"
"48850301","2026","4885025000","003","비파경로당","742-1","72","18","3","1","","2021-03-08 09:20:46.000","2026-08-10 10:49:47.000","","경상남도 하동군 하동읍 군청로 82-6","","5440176","N","","","127.7561147","35.0627831","","","","1000","2200","001"
"48850302","2026","4885025000","003","화산경로당","378-5","72","18","2","1","","2021-03-08 09:20:46.000","2026-08-10 10:49:47.000","","경상남도 하동군 하동읍 소재2길 3-3","","5440176","N","","","127.7573978","35.072108","","","","1000","2200","001"
"41500013","2026","4150025000","003","와현1리경로당","230-2","132","33","0","1","","2021-04-20 15:08:49.000","2025-07-18 22:45:26.000","","경기도 이천시 장호원읍 이풍로 253-21 ","","4070000","N","","","127.6002292","37.1609792","","","","1000","1700","001"
"46810006","2026","1278025000","003","고내경로당","389-2","73","18","1","1","","2021-03-10 10:43:16.000","2025-11-07 17:35:56.000","","전남광주통합특별시 강진군 강진읍동문길 15","","4920131","N","","","126.7706452","34.642263","","","","1000","2200","001"
"4213000303","2026","5113059000","003","봉화산벨라시티2차아파트경로당","1218-0","157.68","25","2","1","","2021-06-03 12:03:51.000","2026-07-21 11:17:18.000","","강원특별자치도 원주시 백간길 17-14","","4191093","N","","","127.9256051","37.3524109","","","","0900","1800","001"
"47730384","2026","4773043000","003","토매1리경로당","212-1","77.4","10","3","1","","2021-04-09 08:51:07.000","2026-05-06 10:39:02.000","","경상북도 의성군 안계면 토매1길 120 ","","5150159","N","","","128.4437115","36.3784931","","","","0900","1800","001"
"41670299","2026","4167053000","003","(오학동)오학1통경로당","134-10","150.48","37","1","1","","2021-03-11 16:11:16.000","2026-08-12 14:58:28.000","","경기도 여주시 오학동 오학길  18   (오학동)","","5700107","N","","","127.6498813","37.3146111","","","","","","001"
"46890066","2026","1285037000","003","삼산리경로당","696-4","51","12","2","1","","2021-03-16 21:33:34.000","2026-08-27 09:10:43.000","","전남광주통합특별시 완도군 금당면 삼산길 94-1 ","","4990296","Y","","","127.0484412","34.4378851","","","","0800","1800","001"
"46890067","2026","1285037000","003","신흥리경로당","912-0","44","11","2","1","","2021-03-16 21:33:34.000","2026-08-27 09:10:43.000","","전남광주통합특별시 완도군 금당면신흥원동길 5","","4990296","Y","","","127.049456","34.4218376","","","","0800","1800","001"
"46890068","2026","1285037000","003","가학리복지회관","281","66","16","2","1","","2021-03-16 21:33:34.000","2026-08-27 09:10:43.000","","전남광주통합특별시 완도군 금당면 금당해변로 139","","4990296","Y","","","127.034505","34.449583","","","","0800","1800","001"
"41670112","2026","4167033000","003","전북리경로당","전북리 275-2","292","73","2","1","","2021-03-11 16:11:16.000","2026-08-12 14:58:26.000","","경기도 여주시 금사면 전북1길  4-5","","5700107","N","","","127.512083","37.4332777","","","","","","001"
"46710108","2026","1271032000","003","해평경로당","348-29","84","18","2","1","","2021-03-18 18:02:48.000","2025-11-17 16:03:36.000","","전남광주통합특별시 담양군 고서면 해평길 29-8 ","","4850174","N","951615.712407","1691871.419152","126.9683397","35.2210487","","","","1200","1800","001"
"46710109","2026","1271032000","003","방죽안경로당","136-4","117","33","2","1","","2021-03-18 18:02:48.000","2025-11-17 16:03:52.000","","전남광주통합특별시 담양군 고서면 방죽안길 17 ","","4850174","N","","","126.9638711","35.2219405","","","","1200","1800","001"
"46710110","2026","1271032000","003","외보경로당","543-0","135","17","1","1","","2021-03-18 18:02:48.000","2025-11-17 16:04:03.000","","전남광주통합특별시 담양군 고서면 외보길 57 ","","4850174","N","","","126.9592497","35.2187238","","","","1200","1800","001"
"41500014","2026","4150025000","003","와현2리경로당","287-5","99","24","0","1","","2021-04-20 15:08:49.000","2026-01-14 10:42:11.000","","경기도 이천시 장호원읍 나래천로160번길 183-1","","4070000","N","","","127.60387","37.151019","","","","1000","1700","001"
"4673000284","2026","1273035000","003","연파여성경로당","451-1","50","47","2","1","","2026-05-29 16:20:27.000","2026-05-29 16:20:27.000","","전남광주통합특별시 구례군 광의면 연파1길 13-12","","","","","","127.442041","35.259351","","","","","","001"
"4673000290","2026","1273037000","003","삼성여성경로당","682","54.55","25","2","1","","2026-05-29 16:41:06.000","2026-05-29 16:41:06.000","","전남광주통합특별시 구례군 산동면 수락폭포로 35 (삼성마을회관)","","","","","","127.441776","35.321058","","","","","","001"
"5221000529","2026","5221043000","003","응좌경로당","421-1","93","27","","","","2026-04-15 18:13:51.000","2026-07-21 13:51:36.000","","전북특별자치도 김제시 봉남면 신응2길 263","","","","","","126.942183","35.740583","","","","","","001"
"5221000530","2026","5221043000","003","신주경로당","48","","","","","","2026-04-15 18:15:21.000","2026-07-21 13:51:27.000","","전북특별자치도 김제시 봉남면 신응1길 86-2","","","","","","126.95403","35.740282","","","","","","001"
"5221000601","2026","5221025000","003","만경경수당","275-4","","","","","","2026-04-20 11:32:10.000","2026-07-21 15:48:12.000","","전북특별자치도 김제시 만경읍 두내산로 11-18","","","N","","","126.818489","35.851007","","","","","","001"
"5221000623","2026","5221035000","003","동반월경로당","210-2","88","38","1","1","","2026-05-14 22:46:18.000","2026-06-28 22:37:08.000","","전북특별자치도 김제시 백구면 반월길 17","","","N","","","126.967409","35.892089","","","","","","001"
"1130500160","2026","1130554500","001","미아사거리역스마트쉼터","70-6","","5","","1","Y","2026-05-29 17:05:07.000","2026-08-05 15:19:59.000","","서울특별시 강북구 도봉로 62 (롯데백화점 미아점)","Y","","","","","127.030705","37.615002","","0500","1800","","","003"
"1123000272","2026","1123061000","001","동대문구체육관","2-294","","","","","","2026-06-01 11:25:28.000","2026-06-01 11:25:28.000","","서울특별시 동대문구 답십리로 210-3  (답십리동)","Y","","","","","127.0639799","37.5722968","","0600","2100","","","002"
"1123000273","2026","1123065000","001","동대문구민체육센터","356-0","","","","","","2026-06-01 11:28:09.000","2026-06-01 11:28:09.000","","서울특별시 동대문구 장안벚꽃로 67  (장안동)","Y","","","","","127.0734928","37.5664574","","0600","2100","","","002"
"4711100638","2026","4711159000","001","대잠도서관","1001","1225","200","","2","Y","2026-06-01 11:34:13.000","2026-08-13 09:54:01.000","","경상북도 포항시 남구 시청로 1 (포항시청)","Y","","N","","","129.343663","36.01913","","0900","1800","","","002"
"4711100639","2026","4711152500","001","영암도서관","632-11","4911","200","","2","Y","2026-06-01 11:36:58.000","2026-07-09 13:11:28.000","","경상북도 포항시 남구 상공로46번길 11 (영암도서관)","Y","","","","","129.358567","36.012668","","0900","1800","","","002"
"2711000111","2026","2711064000","004","GS25대구남산점","2108-10","123","","","","N","2026-06-02 14:17:42.000","2026-08-28 13:49:17.000","","대구광역시 중구 중앙대로 274","N","","N","","","128.591358","35.857724","","0600","2300","","","002"
"5117000414","2026","5117051000","004","리사모텔(응급대피소)","846","","2","","1","","2026-03-09 16:07:59.000","2026-03-09 16:07:59.000","","강원특별자치도 동해시 천곡로 86-1 (리사모텔)","","","Y","","","129.114889","37.523193","","0000","2400","","","006"
"3017000524","2026","3017052000","004","KT_(주)몬스터_도마4거리점","174-4","73","4","","1","","2026-03-10 09:49:40.000","2026-03-11 11:20:58.000","","대전광역시 서구 도산로 45","","","","","","127.380368","36.312681","","1000","2000","","","002"
"5273000198","2026","5273000000","004","지역농협무주농협","307-0","574","174","3","1","N","2026-03-06 16:05:58.000","2026-05-18 12:59:59.000","","전북특별자치도 무주군 무주읍단천로 91","N","","N","","","127.6609928","36.0080441","","0900","1600","","","001"
"5273000199","2026","5273000000","004","반딧불신용협동조합","238-0","220","67","3","1","N","2026-03-06 16:40:38.000","2026-05-18 12:59:59.000","","전북특별자치도 무주군 무주읍 향학로 33 ","N","","N","","","127.6627646","36.0071653","","0900","1600","","","001"
"3023000200","2026","3023054300","003","엘리프송촌A경로당","580","","30","","","","2026-05-18 09:05:24.000","2026-06-29 15:04:54.000","","대전광역시 대덕구 계족산로52번길 50 (엘리프송촌 더 파크 아파트)","","","","","","127.43911","36.359972","","","","","","001"
"4673000285","2026","1273035000","003","온동남성경로당","1274-1","71.9","20","2","1","","2026-05-29 16:27:48.000","2026-05-29 16:27:48.000","","전남광주통합특별시 구례군 광의면 온동1길 17","","","","","","127.439684","35.280205","","","","","","001"
"4482500214","2026","4482535000","003","신두1리(신일)경로당","248-4","101.53","43","1","3","","2026-06-15 18:51:34.000","2026-08-05 11:25:37.000","","충청남도 태안군 원북면 신두로 197 (신두1리다목적회관)","","","N","","","126.225063","36.831631","","","","","","001"
"4143000158","2026","4143055000","004","농협은행북의왕지점","842","100","12","","5","","2026-06-16 10:03:52.000","2026-06-16 10:05:18.000","","경기도 의왕시 포일로 20 (래미안에버하임아파트 상가, 농협은행)","","","","","","126.975438","37.388394","","0900","1600","","","001"
"4150000564","2026","4150053000","004","서울동경기인삼농협본점무더위쉼터","628-1","33","10","0","3","","2026-06-22 10:56:36.000","2026-06-22 10:56:36.000","","경기도 이천시 서이천로 952","","","","","","127.407311","37.29972","","0900","1600","","","001"
"5221000495","2026","5221042000","003","둔산경로당","603-1","","62","","","","2026-04-15 09:58:00.000","2026-08-11 17:25:45.000","","전북특별자치도 김제시 금구면 낙산3길 135-4","","","","","","127.010971","35.801421","","","","","","001"
"4822000413","2026","4822066500","003","유성경로당","645","","41","2","1","","2026-04-23 10:49:10.000","2026-04-23 10:49:10.000","","경상남도 통영시 미수로 64-10 (유성타워맨션)","","","Y","","","128.397357","34.822049","","","","","","001"
"2647000087","2026","2647068000","001","연제구가족센터","643-4","774.84","15","","1","","2026-06-22 19:50:05.000","2026-07-01 14:42:50.000","","부산광역시 연제구 쌍미천로125번길 11 (연제구가족센터)","","","","","","129.086414","35.183711","","0900","1800","","","002"
"5221000486","2026","5221042000","003","상학경로당","399-3","","23","","","","2026-04-14 16:40:48.000","2026-04-14 16:40:48.000","","전북특별자치도 김제시 금구면 봉두1길 53","","","","","","127.008395","35.772519","","","","","","001"
"5221000488","2026","5221042000","003","상사경로당","468","","28","","","","2026-04-14 16:42:54.000","2026-04-14 16:42:54.000","","전북특별자치도 김제시 금구면 상사길 79","","","","","","126.990321","35.811533","","","","","","001"
"4372000092","2026","4372040000","001","오대리경로당","70","100","20","2","1","Y","2026-04-23 13:14:52.000","2026-07-24 07:10:37.000","","충청북도 보은군 산외면 오대길 9 (오대리경로당,마을회관)","Y","","","","","127.731103","36.579582","","0900","1800","","","004"
"4673000263","2026","1273032000","003","해평여성경로당","111-1","47.23","18","2","1","","2026-05-29 15:19:21.000","2026-05-29 15:19:21.000","","전남광주통합특별시 구례군 간전면 해평길 19-11 (해평마을회관)","","","","","","127.54237","35.172038","","","","","","001"
"4711300650","2026","4711370000","001","장량국민체육센터","97-13","1200","100","","2","Y","2026-06-01 13:24:50.000","2026-07-09 13:22:07.000","","경상북도 포항시 북구 장량로 56 (장량국민체육센터)","Y","","","","","129.386084","36.08158","","0900","1800","","","002"
"4482500213","2026","4482535000","003","황촌1리경로당","88-86","199.53","40","2","1","","2026-06-15 18:50:07.000","2026-08-05 11:25:37.000","","충청남도 태안군 원북면 옥파로 752","","","N","","","126.215632","36.868354","","","","","","001"
"2650000069","2026","2650078000","003","이동노동자쉼터(수영)","1091-1","42.49","15","0","1","Y","2026-06-23 15:43:33.000","2026-09-01 09:13:25.000","","부산광역시 수영구 수영로 지하 677 (도시철도수영역)","Y","","N","","","129.107365","35.170376","","0000","2400","","","002"
"4180000088","2026","4180025300","001","예일쎄띠앙.한전연천지사스마트승강장","684","18","50","","1","N","2026-06-24 15:39:06.000","2026-08-10 18:01:54.000","","경기도 연천군 전곡읍 전곡로 24 (전곡예일세띠앙아파트 101동)","Y","","N","","","127.072171","38.015254","","0000","2400","","","003"
"5221000409","2026","5221039000","003","장천마을회관","774-15","72.75","15","","","","2026-04-13 11:53:14.000","2026-07-21 17:08:45.000","","전북특별자치도 김제시 청하면 월현3길 198-5","","","N","","","126.86674","35.88042","","","","","","001"
"4673000274","2026","1273035000","003","광의경로당","781-35","65","16","2","1","","2026-05-29 15:47:34.000","2026-05-29 15:47:34.000","","전남광주통합특별시 구례군 광의면 구만제로 357 (광의면면민회관)","","","","","","127.438073","35.26081","","","","","","001"
"4117300177","2026","4117351000","001","비산사거리,이마트(10004)버스승강장","550-1","12","10","","1","Y","2026-06-04 13:18:59.000","2026-06-24 13:56:10.000","","경기도 안양시 동안구 관악대로 103 (103에비뉴)","Y","","","","","126.935406","37.399148","","0700","1800","","","003"
"4115000104","2026","4115054500","001","회룡역(스마트쉼터)","428","12","10","","1","Y","2026-06-15 11:47:37.000","2026-07-14 18:08:28.000","","경기도 의정부시 평화로 363-7 (회룡한주아파트 601동)","Y","","N","","","127.04797","37.723568","","0900","1800","","","003"
"2653000104","2026","2653060000","001","덕포1동그리며,들락날락작은도서관","796","383.19","","1","12","","2026-06-18 09:04:03.000","2026-07-29 11:35:12.000","","부산광역시 사상구 강선로 31 (덕포1동행정복지센터)","Y","","","","","128.985772","35.169427","","0900","1800","","","002"
"2671000265","2026","2671025600","001","정관읍행정복지센터.기장소방서(16-086)","141","7.3","24","","1","N","2026-06-23 18:44:07.000","2026-08-26 17:32:36.000","","부산광역시 기장군 정관읍 용수로 4 (정관읍행정복지센터)","N","","N","","","129.180029","35.325336","","0000","2400","","","003"
"4673000291","2026","1273035000","003","대촌여성경로당(광의)","235","52","37","2","1","","2026-06-30 11:46:08.000","2026-06-30 11:46:08.000","","전남광주통합특별시 구례군 광의면 구만제로 128 (대산마을회관)","","","","","","127.451356","35.245243","","","","","","001"
"5221000637","2026","5221032000","003","대옥산경로당","777-2","93","20","1","2","","2026-07-01 11:20:51.000","2026-07-21 11:12:25.000","","전북특별자치도 김제시 죽산면 옥성3길 69","","","","","","126.828289","35.781265","","","","","","001"
"5221000380","2026","5221039000","003","제상노인정회관","137","100","30","","","","2026-04-13 10:43:51.000","2026-07-21 17:24:23.000","","전북특별자치도 김제시 청하면 대청1길 43-6","","","","","","126.847287","35.887984","","","","","","001"
"5221000598","2026","5221025000","003","몽포경로당","616-9","","","","","","2026-04-20 11:24:57.000","2026-07-21 15:48:12.000","","전북특별자치도 김제시 만경읍 몽포길 46","","","N","","","126.806979","35.870141","","","","","","001"
"4615001452","2026","1215057000","003","대주피오레경로당","1659","104","30","1","1","","2026-05-17 15:48:18.000","2026-05-17 15:48:18.000","","전남광주통합특별시 순천시 팔마1길 25 (연향3지구대주피오레108동)","","","Y","","","127.512256","34.934602","","0900","1800","","","003"
"4673000246","2026","1273036000","003","가동여성경로당","966","80.5","20","2","1","","2026-05-29 10:54:28.000","2026-05-29 10:54:28.000","","전남광주통합특별시 구례군 용방면 가동길 99 (가동여성경로당)","","","","","","127.414259","35.260065","","","","","","001"
"2653000103","2026","2653066100","001","주례쌈지들락날락","595-3","200","","2","3","","2026-06-18 08:40:36.000","2026-09-01 12:20:34.000","","부산광역시 사상구 냉정로 10 (주례3동주민센터)","Y","","","","","129.001389","35.147334","","0900","1800","","","002"
"5111000334","2026","5111061000","004","농협은행후평동지점","692-21","","20","","2","","2026-07-01 13:31:59.000","2026-07-01 13:31:59.000","","강원특별자치도 춘천시 춘천로 302 (농협중앙회후평동지점)","","","","","","127.746547","37.881227","","0900","1600","","","001"
"4728000311","2026","4728037000","003","화산1리경로당","285-8","77.52","46","2","2","","2026-07-02 09:58:42.000","2026-07-03 18:07:13.000","","경상북도 문경시 농암면 중리길 45","","","","","","127.987528","36.576773","","","","","","001"
"5221000405","2026","5221039000","003","월송마을회관","884-1","82.6","15","","","","2026-04-13 11:50:16.000","2026-07-21 17:09:18.000","","전북특별자치도 김제시 청하면 송상리길 319-2","","","N","","","126.840092","35.86884","","","","","","001"
"4673000267","2026","1273033000","003","내죽남성경로당","248-1","40","24","2","1","","2026-05-29 15:26:03.000","2026-05-29 15:26:03.000","","전남광주통합특별시 구례군 토지면 대내안길 30","","","","","","127.521505","35.20824","","","","","","001"
"4673000287","2026","1273035000","003","용전남성경로당","296-3","34","11","2","1","","2026-05-29 16:30:18.000","2026-05-29 16:30:18.000","","전남광주통합특별시 구례군 광의면 용전길 35-4 (용전회관)","","","","","","127.462401","35.257666","","","","","","001"
"2620000072","2026","2620054000","001","영선나릿작은도서관","97-3","","10","","","","2026-06-05 10:30:41.000","2026-06-22 16:48:00.000","","부산광역시 영도구 꿈나무길 25 (영선1동주민센터)","","","","","","129.044694","35.090201","","0900","1800","","","002"
"5274000300","2026","5274035000","001","장수계남우체국","967-4","50","12","2","1","","2026-06-23 17:29:38.000","2026-06-23 17:31:59.000","","전북특별자치도 장수군 계남면 장수로 3078 (장수계남우체국)","","","","","","127.578492","35.703343","","0900","1800","","","001"
"5111000314","2026","5111036000","004","신북농협고탄지점","132-1","","20","","2","","2026-06-28 15:25:05.000","2026-06-28 15:25:05.000","","강원특별자치도 춘천시 사북면 춘화로 526 (신북농협)","","","","","","127.709123","37.988016","","0900","1600","","","001"
"4111700168","2026","4111755000","003","영흥숲푸르지오파크비엔경로당","628","","","","","","2026-07-02 11:46:39.000","2026-07-02 13:50:34.000","","경기도 수원시 영통구 영흥숲길 50 (영흥숲푸르지오파크비엔)","","","","","","127.066863","37.263725","","","","","","001"
"5221000641","2026","5221034000","003","신교농원마을쉼터","532-121","32.64","","","","","2026-07-03 16:26:57.000","2026-07-03 16:26:57.000","","전북특별자치도 김제시 용지면 장신1길 191","","","","","","126.981949","35.861799","","","","","","001"
"3600000021","2026","3600000000","004","세븐일레븐편의점(세종부강사랑점)","973-13","130.32","3","0","1","Y","2026-07-06 14:05:11.000","2026-07-23 14:35:51.000","","세종특별자치시 부강면 부강신대길 72-26 (블루빌)","Y","","N","","","127.362566","36.530189","","0900","1800","","","002"
"3600000026","2026","3600000000","004","코리아세븐고운프라자점","1720","79.77","3","0","2","Y","2026-07-07 09:59:36.000","2026-07-23 14:35:53.000","","세종특별자치시 마음로 70 (에셀프라자)","Y","","N","","","127.234371","36.505079","","0900","1800","","","002"
"4420000631","2026","4420041000","001","신창커뮤니티센터","2-164","747.77","80","","9","Y","2026-07-07 13:52:08.000","2026-07-21 12:39:37.000","","충청남도 아산시 신창면 서부북로 626 (신창커뮤니티센터(신창행복누림터여유))","","","","","","126.934449","36.803725","","0900","1800","","","002"
"3023000195","2026","3023061000","004","대신정보통신_법동점","202-1","40","4","","1","","2026-04-15 16:48:53.000","2026-05-20 15:41:16.000","","대전광역시 대덕구 계족산로5번길 117","","","","","","127.430398","36.367187","","1000","2000","","","002"
"5221000523","2026","5221043000","003","농원","308-49","93","24","","","","2026-04-15 17:55:10.000","2026-07-21 13:52:47.000","","전북특별자치도 김제시 봉남면 회성3길 11","","","","","","126.948561","35.725993","","","","","","001"
"4150000577","2026","4150025000","003","진암11리경로당(우방아이유쉘)","814","111","33","","2","","2026-06-28 00:14:19.000","2026-07-15 15:33:58.000","","경기도 이천시 장호원읍 서동대로 8908-41 (이천진암지구 우방아이유쉘 메가하이브)","","","","","","127.623146","37.113192","","","","","","001"
"5214000824","2026","5214033000","003","함라여성경로당","297-1","120","15","1","1","","2026-07-02 16:28:07.000","2026-07-02 16:31:57.000","","전북특별자치도 익산시 함라면 천남길 8 (함라예성노인복지회)","","","","","","126.909721","36.059674","","","","","","001"
"2626000117","2026","2626051000","001","우성아파트정류소스마트버스정류장","77-1","19.2","6","","1","Y","2026-07-09 19:17:12.000","2026-07-09 19:17:12.000","◎ 한파쉼터 공동활용
◎ 하절기 냉방 6월~9월 운영(기온에 따라 기간 조정)
◎ 24:00~05:00 자동문 폐쇄","부산광역시 동래구 온천천로339번길 28 (낙민동한일유앤아이아파트 110동)","Y","","","","","129.091768","35.195391","","0500","1800","","","003"
"1156000379","2026","1156069000","003","보라매sk뷰아파트경로당","4958","","","","1","","2026-07-13 11:01:07.000","2026-07-13 11:01:07.000","","서울특별시 영등포구 여의대방로35가길 19 (보라매 SK VIEW)","","","","","","126.91819","37.502209","","","","","","001"
"1156000384","2026","1156062000","001","선유도서관","88-1","1354.7","285","","43","","2026-07-13 13:05:46.000","2026-07-13 13:05:46.000","","서울특별시 영등포구 선유로43가길 10-8 (선유도서관)","Y","","","","","126.892936","37.533321","","0900","2200","","","002"
"5219001840","2026","5219046000","004","새마을금고남원산내","658-2","","","","","","2026-07-13 14:54:08.000","2026-07-13 14:54:08.000","","전북특별자치도 남원시 산내면 대정길 82 (산내식당)","","","","","","127.626554","35.419028","","0900","1600","","","001"
"5219001841","2026","5219051000","004","새마을금고남원중앙본점","27-1","","","","","","2026-07-13 14:56:07.000","2026-07-13 14:56:07.000","","전북특별자치도 남원시 동림로 26 (새마을금고)","","","","","","127.389683","35.411345","","0900","1600","","","001"
"5219001843","2026","5219041000","004","새마을금고동남원본점","180-3","","","","","","2026-07-13 14:59:34.000","2026-07-13 14:59:34.000","","전북특별자치도 남원시 산동면 요천로 2914 (동남원새마을금고,산동지역아동센터)","","","","","","127.475671","35.491789","","0900","1300","","","001"
"5219001848","2026","5219059000","001","남원도통동우체국","592-1","","","","","","2026-07-13 15:12:46.000","2026-07-23 14:33:48.000","","전북특별자치도 남원시 춘향로 15 (남원도통동우체국)","","","","","","127.397945","35.416941","","0900","1600","","","001"
